scenario,val_acc
city_47_chicago_3p5,0.7166958131879436
city_10_florida_villa_7gp_1758095156175,0.6808970270548298
city_23_beijing_3p5,0.7221479271679868
city_91_xiangyang_3p5,0.6700956691698385
city_17_seattle_3p5_s,0.7042485341014298
city_12_fortworth_3p5,0.6929328258409628
city_92_sãopaulo_3p5,0.6776051846517848
city_35_san_francisco_3p5,0.690361073963584
city_19_oklahoma_3p5_s,0.7147412817611357
city_74_chiyoda_3p5,0.6771937043514041
