scenario,val_acc
city_47_chicago_3p5,0.9156925256818987
city_10_florida_villa_7gp_1758095156175,0.5238095238095238
city_23_beijing_3p5,0.8288973384030418
city_91_xiangyang_3p5,0.7393532474650589
city_17_seattle_3p5_s,0.7302660918685893
city_12_fortworth_3p5,0.7067789811472122
city_92_sãopaulo_3p5,0.7805291380008094
city_35_san_francisco_3p5,0.8941592920353982
city_19_oklahoma_3p5_s,0.8283077275854162
