scenario,delay_rmse,power_rmse,phase_rmse,path_length_rmse,delay_mae,power_mae,phase_mae,path_length_mae,best_val_loss
city_47_chicago_3p5,0.07966252428095019,3.5241087556440873,97.5782521650211,3.9742931744913146,0.06832665151276758,3.0726675641529324,91.93319621172266,3.9742931744913146,0.6289320230484009
city_23_beijing_3p5,0.2761299775536984,6.770033506470359,101.8529866928772,3.6350736255193454,0.23372386227281422,5.930443528046885,90.21729237868823,3.6350736255193454,0.9813294005062845
city_91_xiangyang_3p5,0.23254168866083938,7.925343242105506,102.64771903370726,6.243136358962063,0.20885728917436336,6.594916608981088,90.1035027218832,6.243136358962063,0.8020195358699852
