scenario,n_clusters,nearest_k,corridor_k,corridor_bins,prompt_dim,delay_rmse,power_rmse,phase_rmse,az_rmse,el_rmse,path_length_rmse,interaction_accuracy,interaction_f1,delay_mae,power_mae,phase_mae,avg_az_mae,avg_el_mae,path_length_mae,best_val_loss
city_47_chicago_3p5,25,5,5,8,95,0.040561335745953955,1.9407450453145016,98.09746718453128,11.529170713428009,1.7967728587231007,0.10017079996222876,0.9979255525397441,0.9940611644557917,0.03277301107735508,1.6386205551949875,93.49623958784935,8.63677076412628,1.4478456239568038,0.10017079996222876,0.5570654273033142
