scenario,val_acc
city_47_chicago_3p5,0.06460240715975722
city_10_florida_villa_7gp_1758095156175,0.19380722147927168
city_23_beijing_3p5,0.1131570826046703
city_91_xiangyang_3p5,0.11181977162843329
city_17_seattle_3p5_s,0.14679559716078594
city_12_fortworth_3p5,0.19380722147927168
city_92_sãopaulo_3p5,0.13074786544594177
city_35_san_francisco_3p5,0.19380722147927168
city_19_oklahoma_3p5_s,0.13445118814936735
city_74_chiyoda_3p5,0.14998456948873573
